id,text,lang,a0,a1,a2,a3,a4
4726,be mute,en,,,,,
9682,putarkan harry potter dari bagian saya terakhir berhenti mendengarkan olly,id,,,,,
1657,gaano karaming mga hudyat ang kasalukuyang nakatakda,tl,,,,,
13320,sino ang pinakadakilang gitarista sa lahat ng panahon,tl,,,,,
12743,vind vir my 'n trein kaartjie vir die volgende reis na pretoria gauteng,af,,,,,
15005,hoeveel platen heeft prince gemaakt,nl,,,,,
12406,tunjukkan jadwal kereta antara jakarta dan bandung untuk besok,id,,,,,
11531,tolong mainkan episode berikutnya dari acara finfolk,id,,,,,
5446,o şarkıyı duymak istiyorum,tr,,,,,
5483,ano ang petsa sa susunod na sabado,tl,,,,,
6239,vandag het ek belonings gekry,af,,,,,
5483,qual è la data di sabato prossimo,it,,,,,
13626,cuántas teclas tiene un piano,es,,,,,
14769,alexa vertel mij de grootste oceaan ter wereld,nl,,,,,
15005,cuántos discos hizo el joaquín sabina,es,,,,,
3896,karanlık,tr,,,,,
1221,please play nightmare by avenged sevenfold,en,,,,,
1697,låten som spelar nu är släppt av vilken artist,sv,,,,,
8049,tolong buat saya yakin untuk menelpon babysitter untuk kencan malam pada jumat ini,id,,,,,
3006,siapa nama artis yang menciptakan lagu ini,id,,,,,
5446,i want to hear that song,en,,,,,
14586,vad var martin luther kings födelsedag,sv,,,,,
4919,joue pour moi les dernières chansons de patrick bruel,fr,,,,,
2248,apakah kondisi cuaca untuk rabu berubah,id,,,,,
382,s'il te plait joue la chanson la vie en rose par edith piaf,fr,,,,,
1850,wat is die tyd in horlosie,af,,,,,
7376,mart ayında mevcut toplantılar nelerdir,tr,,,,,
15005,ilang mga talaan ang ginawa ni gary v.,tl,,,,,
6981,mostrar recordatorios,es,,,,,
2032,sabihin sa akin ang pangalan ng kantang iyon,tl,,,,,
5971,como está o clima hoje,pt,,,,,
10875,veuillez supprimer cette liste,fr,,,,,
15450,twit layanan konsumen kuantitasnya salah,id,,,,,
7960,elimina tutto dal menu,it,,,,,
16649,puedes ir a revisar mis correos en mi lugar,es,,,,,
2032,vertel me de naam van dat liedje,nl,,,,,
11993,watse winkels is naby my,af,,,,,
10693,svuota questa lista,it,,,,,
8611,cuál es el calendario de reuniones,es,,,,,
11461,spela den där podcasten tack,sv,,,,,
10875,alisin ang listahan kong ito,tl,,,,,
1221,riproduci futura di lucio dalla,it,,,,,
3095,qual é o tempo no porto,pt,,,,,
2584,tell me who wrote this song,en,,,,,
15671,twit ke amazon tentang pengiriman t. v. saya yang terlambat,id,,,,,
6239,oggi ho ricevuto un premio,it,,,,,
2248,hat sich das wetter für mittwoch überhaupt geändert,de,,,,,
5446,ik wik dat liedje horen,nl,,,,,
1221,mangyaring patugtugin ang pano ni zack tabudlo,tl,,,,,
640,tolong putar lagu dari playlist kesukaan saya,id,,,,,
13184,planifiez-moi un voyage de vacances,fr,,,,,
12743,find me a train ticket for the next trip to washington d. c.,en,,,,,
13184,bana bir tatil gezisi planla,tr,,,,,
632,abisuhan ako kapag may balita sa dakota pipeline,tl,,,,,
5693,teken petabits,af,,,,,
12351,compra um bilhete de comboio de lugar com beliche para faro na próxima semana,pt,,,,,
9583,programm y. im radio b. b. c.,de,,,,,
10517,quelles listes ai-je enregistrées,fr,,,,,
7030,ajouter le réveillon du nouvel an au calendrier,fr,,,,,
1697,la canzone in riproduzione adesso è pubblicata da quale artista,it,,,,,
13320,quienes son las mejores guitarristas de todos los tiempos,es,,,,,
5841,stel,af,,,,,
8961,is die jaar twee duisend en agtien 'n skrikkeljaar,af,,,,,
2584,dis moi qui a écrit cette chanson,fr,,,,,
16058,reply to john stating that i will attend the party,en,,,,,
5446,ich möchte dieses lied hören,de,,,,,
9558,kan jy asseblief musiek aan sit,af,,,,,
15894,john at gmail dot com zu kontakten,de,,,,,
15601,mandar uma reclamação para o apoio ao cliente da l. g.,pt,,,,,
11531,pakitugtog ang susunod na kabanata sa got to believe,tl,,,,,
986,berita dunia saat ini,id,,,,,
4044,démarrez à passer l'aspirateur maintenant s'il vous plaît,fr,,,,,
3006,come si chiama l'artista che ha creato questa canzone,it,,,,,
640,spiel mir bitte ein lied von meiner lieblings liste,de,,,,,
7960,menüdeki her şeyi sil,tr,,,,,
15005,quanti dischi ha pubblicato lucio dalla,it,,,,,
15894,agrega a juan a gmail punto com a contactos,es,,,,,
2248,napalitan na ba ang klima sa miyerkules,tl,,,,,
9682,ponme harry potter desde el lugar donde dejé de escuchar por última vez en olly,es,,,,,
13258,mileage ng b. m. w. na sasakyan,tl,,,,,
1711,i-save ang kantang isa pang araw sa playlist ko,tl,,,,,
8611,quel est le calendrier des réunions,fr,,,,,
11206,borrar la lista de citas de pedro,es,,,,,
11993,what shops are around me,en,,,,,
15894,lägg till john snabela gmail punkt kom till mina kontakter,sv,,,,,
1850,que horas são no relógio,pt,,,,,
15612,tuitea mi queja y menciona este servicio de atención al cliente,es,,,,,
13320,wie is die beste kitaarspelers van alle tye,af,,,,,
11531,lütfen quantico nun bir sonraki bölüm ünü çal,tr,,,,,
9583,spela sveriges radio,sv,,,,,
2595,är det några nya miljö nyheter,sv,,,,,
2248,het die weer vir woensdag al enigsens verander,af,,,,,
4919,ponme las últimas canciones de la red,es,,,,,
4726,sois silencieux,fr,,,,,
9596,rot f. m. chit chat autotune,de,,,,,
3095,como está el tiempo en barcelona,es,,,,,
8171,me recordarás que vaya a la clase de hockey todos los domingos por la tarde,es,,,,,
16649,irais-tu vérifier mes emails pour moi,fr,,,,,
2032,dis moi le nom de cette chanson,fr,,,,,
7030,füge neujahres abend zum kalender hinzu,de,,,,,
14462,trouver des détails sur le président nicolas sarkozy,fr,,,,,
11043,por favor remove a lista de mantimentos do meu conjunto de listas,pt,,,,,
14743,bir dolar kaç lira,tr,,,,,
12544,taxi nu,sv,,,,,
12351,pesankan saya tiket kereta dengan kursi menghadap ke depan tujuan malang untuk pekan depan,id,,,,,
13626,hoeveel toetsen heeft een piano,nl,,,,,
640,please play me a song from my favorite list,en,,,,,
968,özel haber deki son haberleri göster,tr,,,,,
3006,ano ang pangalan ng artista na gumawa ng kantang ito,tl,,,,,
8171,maaari mo ba akong paalalahanan na pumunta sa klase sa hockey tuwing linggo ng hapon,tl,,,,,
10693,effacer cette liste,fr,,,,,
13626,ada berapa kunci dalam piano,id,,,,,
6981,tampilkan pengingat pengingat,id,,,,,
14252,come vanno le azioni di exor,it,,,,,
3006,qual é o nome do artista que criou esta música,pt,,,,,
14769,alexa diz me qual é o maior oceano do mundo,pt,,,,,
3095,bagaimana cuaca di minahasa,id,,,,,
14910,wie groß ist die stashable cinch bag und wie sieht sie aus,de,,,,,
12761,är det stötfångare mot stötfångare,sv,,,,,
14743,hur mycket är en dollar i euro,sv,,,,,
13184,beplan vir my 'n vakansie reis,af,,,,,
8171,ricordami di andare alla mia lezione di tennis ogni domenica pomeriggio,it,,,,,
7376,available meetings in march are what,en,,,,,
5483,tanggal berapa sabtu depan,id,,,,,
12644,apa jalan ke tempat kerja lancar,id,,,,,
2339,ankara da mevcut hava durumu ne,tr,,,,,
12761,es ist stau an stau,de,,,,,
12406,wys my die trein skedules tussen johannesburg en kaapstad vir more,af,,,,,
16058,responde ao joão a dizer que estarei na festa,pt,,,,,
2339,ano ang kasalukuyang klima sa lungsod ng baguio,tl,,,,,
4044,empieza a aspirar ahora por favor,es,,,,,
7652,innan denna händelse sätt en notis,sv,,,,,
11993,çevremde hangi dükkanlar var,tr,,,,,
9682,speel harry potter voor mij vanaf de plaats waar ik laatst gestopt ben met luisteren olly,nl,,,,,
11461,tolong mainkan siniar itu,id,,,,,
640,paki-play sa akin ang isang kanta mula sa aking paboritong listahan,tl,,,,,
7960,apagar tudo do menu,pt,,,,,
2584,dime quién escribió esta cancion,es,,,,,
2595,apakah ada apapun berita baru tentang lingkungan,id,,,,,
11461,speel die podcast alsjeblieft,nl,,,,,
13258,kilometraje de coches b.m.w.,es,,,,,
12544,taksi şimdi,tr,,,,,
14743,magkano ang isang dolyar sa piso,tl,,,,,
4919,i-play para sa akin ang pinakabagong mga kanta mula sa net,tl,,,,,
1221,por favor toca o prometido é devido de rui veloso,pt,,,,,
15612,twiet my klagte en noem hierdie kliëntediens,af,,,,,
7030,tambahkan malam tahun baru ke kalender,id,,,,,
15450,i-tweet ang serbisyo sa customer na mali ang bilang,tl,,,,,
5483,wat is die datum volgende saterdag,af,,,,,
5693,dibuja petabits,es,,,,,
7960,ta bort allt från menyn,sv,,,,,
12743,hitta mig en tågbiljett för nästa resa till malmö,sv,,,,,
13320,wie zijn de beste gitaristen aller tijden,nl,,,,,
1657,wie viele wecker sind aktuell eingestellt,de,,,,,
3006,what is the name of the artist that created this song,en,,,,,
8611,qual a agenda para a reunião,pt,,,,,
14462,hitta information om president barrack obama,sv,,,,,
4787,qual è la canzone che ascolto di più,it,,,,,
2339,bagaimana cuaca saat ini di kota bandung,id,,,,,
14588,vem var astrid lindgren,sv,,,,,
2584,dimmi chi ha scritto questa canzone,it,,,,,
10875,bitte lösch diese liste,de,,,,,
14910,qual o tamanho da mochila de viagem e qual o seu acpecto,pt,,,,,
1657,how many alarms are currently set,en,,,,,
8495,wie ist mein terminplan morgen früh,de,,,,,
2595,is daar enige nuwe omgewings nuus,af,,,,,
640,toca uma canção da minha lista favorita por favor,pt,,,,,
11043,alisin ang groseri sa listahan ng mga hanay ng mga listahan,tl,,,,,
13258,quilometragem de carros b. m. w.,pt,,,,,
2273,restoran teslimat yapıyor mu,tr,,,,,
14586,kapan hari lahir albertus soegijapranata,id,,,,,
8961,apakah tahun dua ribu delapan belas tahun kabisat,id,,,,,
10517,vilka listor har jag sparade,sv,,,,,
14586,quel était anniversaire de martin luther kings,fr,,,,,
1697,het liedje wat nu speelt is uitgebracht door welke artiest,nl,,,,,
7652,prima di questo evento imposta una notifica,it,,,,,
7960,lösche alles vom menü,de,,,,,
8049,ruf den babysitter an für das treffen am freitag,de,,,,,
15601,mag-log ng reklamo sa serbisyo sa konsyumer ng department of education,tl,,,,,
382,spiel bitte das lied games von disturbed,de,,,,,
7652,stel een melding voor dit evenement in,nl,,,,,
2031,welke liedje is dat,nl,,,,,
15988,avez-vous reçu e mail de cette personne,fr,,,,,
16597,bana cemin en son epostasını göster,tr,,,,,
9682,spela harry potter från där jag slutade senast lyssna via google,sv,,,,,
7652,atur notifikasi sebelum acara ini,id,,,,,
11877,olly rekomendasikan acara yang ada di daerah saya,id,,,,,
5446,je veux écouter cette chanson,fr,,,,,
16597,wys vir my die nuutste e-pos van jack,af,,,,,
12544,taxi ahora,es,,,,,
6463,quiero temas sobre cotilleo de famosos,es,,,,,
14586,ano ang kaarawan ni cesar virata,tl,,,,,
9682,benim dinlemeyi bıraktığım yerden heidi 'yi aç olly,tr,,,,,
8747,bu gece saat on bir itibariyle matematik ödevimi teslim etmem gerektiğini hatırlat,tr,,,,,
9583,programme à nrj,fr,,,,,
13184,pianificami una vacanza,it,,,,,
640,speel asseblief vir my 'n liedjie van my gunsteling lys,af,,,,,
4726,var tyst,sv,,,,,
4787,qual é a minha música mais tocada,pt,,,,,
11877,olly recomiendame un evento que este pasaando en mi zona,es,,,,,
14588,quem foi amália rodrigues,pt,,,,,
12351,prenota un biglietto del treno con posto cuccetta per bari la prossima settimana,it,,,,,
3006,wer hat den song geschrieben,de,,,,,
11531,spela framåt ett avsnitt av dumma människor,sv,,,,,
6981,wys herinneringe,af,,,,,
5693,zeichne petabits,de,,,,,
7030,magdagdag ng bisperas ng bagong taon sa kalendaryo,tl,,,,,
3095,wat is het weer in amsterdam,nl,,,,,
3896,it is dark,en,,,,,
11779,was ist der beste ort der stadt um partyzubehör zu kaufen,de,,,,,
5934,vad är klockan i paris,sv,,,,,
15702,es wäre nett wenn du den status für mich posten würdest,de,,,,,
15754,quelle est l'adresse e-mail de silvia,fr,,,,,
14252,comment va le stock pour compaq,fr,,,,,
6981,show reminders,en,,,,,
5841,leise,de,,,,,
10544,yeni piyango numaraları listesi başlat,tr,,,,,
2435,robô aspirador ligado,pt,,,,,
15702,sería muy bueno si pusieras un estado por mí,es,,,,,
7652,mag takda ng kaganapan bago ang abisong ito,tl,,,,,
14588,who was john dillinger,en,,,,,
4919,internet ten benim için en yeni şarkılar ı çal,tr,,,,,
16058,john'u partiye katılacağımı belirtecek şekilde yanıtl,tr,,,,,
11531,reproduz o episódio seguinte de quantico,pt,,,,,
11206,apaga a lista compromissos do bruno,pt,,,,,
12644,ist der verkehr zur arbeit frei,de,,,,,
5971,bagaimana iklim hari ini,id,,,,,
8171,erinnerst du mich daran jeden sonntagnachmittag zum hockeykurs zu gehen,de,,,,,
11050,sebutkan daftar saya,id,,,,,
13320,vem är världens bästa gitarrist någonsin,sv,,,,,
14252,how is the stock for compaq doing,en,,,,,
11050,berätta om min lista,sv,,,,,
15988,hast du die email von dieser person erhalten,de,,,,,
11779,quel est le meilleur endroit pour acheter des articles de fête en ville,fr,,,,,
13320,wer waren die besten gitarristen aller zeit,de,,,,,
4044,start vacuuming now please,en,,,,,
13626,quanti tasti ci sono in un pianoforte,it,,,,,
11461,o podcasti çal,tr,,,,,
4625,apa yang telah dilakukan trump sekarang,id,,,,,
12761,est-ce que c'est pare-chocs contre pare-chocs,fr,,,,,
11601,meron bang play pwede ba akong pumunta ngayong gabi sa lungsod,tl,,,,,
1657,şu anda kaç alarm ayarlanmış,tr,,,,,
9558,kannst du bitte musik anmachen,de,,,,,
8961,ang taong dalawang libo at labing walo sa isang leap year,tl,,,,,
11043,por favor elimine la lista de las compras de mi conjunto de listas,es,,,,,
15702,det skulle vara trevligt om du la upp en status åt mig,sv,,,,,
16597,toon me de laatste e-mail van jaap,nl,,,,,
12351,buche ein zug ticket mit einem schlafplatz nach augsburg für nächste woche,de,,,,,
1697,a música que está a tocar foi lançada agora por qual artista,pt,,,,,
5693,rita petabits,sv,,,,,
8936,dammi la lista di tutti gli eventi in arrivo il prossimo mese e imposta delle notifiche per tutti,it,,,,,
11050,tell me my list,en,,,,,
5693,disegna immagini vettoriali,it,,,,,
2273,hat das restaurant lieferung nach hause,de,,,,,
4625,o que o marcelo rebelo de sousa fez agora,pt,,,,,
5483,quelle est la date samedi prochain,fr,,,,,
10007,olly wys vir my die metode om roomys voor te berei,af,,,,,
4787,cuál es mi canción más escuchada,es,,,,,
9596,radio centocinque chiacchierata sul rock,it,,,,,
2031,c'est quelle chanson celle là,fr,,,,,
15005,tarkan kaç albüm çıkardı,tr,,,,,
12945,sino si rodrigo duterte,tl,,,,,
8936,give me the list of all events coming up in the next month and set notifications for all of them,en,,,,,
9583,program di radio b. b. c.,id,,,,,
8936,bana önümüzdeki ay gerçekleşecek tüm etkinliklerin listesini ver ve hepsi için bildirim ayarla,tr,,,,,
2435,robotdammsugare på,sv,,,,,
2435,accendi robot aspirapolvere,it,,,,,
8747,onthou my om my wiskunde opdrag in te handig vanaand om elf,af,,,,,
9583,programmi su rai radio uno,it,,,,,
14910,hoe groot is die opbergbare knipsak en hoe lyk dit,af,,,,,
5841,tyst,sv,,,,,
13184,planéame unas vacaciones,es,,,,,
7960,delete everything on the menu,en,,,,,
9596,cuarto milenio,es,,,,,
11877,olly een evenement in mijn omgeving aanbevelen,nl,,,,,
8049,asegúrate de llamar a la niñera para la cita del viernes por la noche,es,,,,,
12945,siapa joko widodo,id,,,,,
14588,siapa itu kusni kasdut,id,,,,,
12644,är det otrafikerat till jobbet,sv,,,,,
15601,skriv ett klagomål h. m. kundtjänst,sv,,,,,
10875,per favore elimina questa lista,it,,,,,
11043,tolong hapus daftar belanjaan dari kumpulan beberapa daftar,id,,,,,
14252,hoe doen die aandele van sahara,af,,,,,
14586,quando é o aniversário de martin luther king,pt,,,,,
15702,dit sal lekker wees as jy vir my status plaas,af,,,,,
5483,der nächste samstag ist welches datum,de,,,,,
8049,lembrar de chamar a ama para a saída na sexta-feira à noite,pt,,,,,
5483,que fecha es el próximo sábado,es,,,,,
11877,olly beveel 'n gebeurtenis aan wat in my area plaasvind,af,,,,,
15240,vertel my die nuutste video wat viraal op twitter gaan vir onderwerp narendra modi,af,,,,,
968,mostre-me notícias recentes sobre assunto particular,pt,,,,,
6463,ek wil onderwerpe oor bekendes skinderstories hê,af,,,,,
3896,es ist dunkel,de,,,,,
10544,beginne eine neue liste mit lottozahlen,de,,,,,
15612,twit keluhan saya dan sebutkan layanan pelanggan ini,id,,,,,
6981,ipakita ang mga paalala,tl,,,,,
12761,is dit buffer tot buffer,af,,,,,
986,güncel dünya haberleri,tr,,,,,
14588,wie was piet skiet,af,,,,,
12406,ipakita sa akin ang mga iskedyul ng tren sa pagitan ng madrid at barcelona para bukas,tl,,,,,
12743,trouve-moi un billet de train pour le prochain voyage à paris,fr,,,,,
10007,olly enséñame un método para hacer helado,es,,,,,
15988,recebeste o email desta pessoa,pt,,,,,
3215,apa berita terbaru tentang hubungan trump dengan indonesia,id,,,,,
1711,das lied zaubermond auf meiner playliste speichern,de,,,,,
10544,comenzar una nueva lista de números de lotería,es,,,,,
10875,please delete this list,en,,,,,
14586,deniz gezmişin doğum günü neydi,tr,,,,,
8611,wat is die vergadering skedule,af,,,,,
7652,antes de este evento programa una notificación,es,,,,,
8936,geef me de lijst met alle opkomende evenementen van volgende maand en zet voor allemaal meldingen,nl,,,,,
10517,welche listen habe ich gespeichert,de,,,,,
7376,vilka möten är bokade i mars,sv,,,,,
8936,dame la lista de todos los eventos que se avecinan el próximo mes y establece notificaciones para todos ellos,es,,,,,
10517,what lists do i have saved,en,,,,,
3215,ano ang mga pinakabagong update patungkol sa ugnayan ni duterte sa tsina,tl,,,,,
13184,planera en semesterresa åt mig,sv,,,,,
640,per favore suona una canzone dalla mia lista dei preferiti,it,,,,,
15601,teken 'n klagte aan by samsung suid afrika aan kliëntediens,af,,,,,
12544,taxi jetzt,de,,,,,
12761,es el trafico denso,es,,,,,
9596,red f. m. chit chat auto na tono,tl,,,,,
16000,alex disse-me que enviará um e-mail sobre o preço da máquina por favor verifique se chegou,pt,,,,,
16058,antworte johannes dass ich zur feier kommen werde,de,,,,,
15988,hai ricevuto email da questa persona,it,,,,,
5971,hoe is het klimaat vandaag,nl,,,,,
8611,wie sieht der besprechungs plan aus,de,,,,,
11050,dime mi lista,es,,,,,
8171,me rappelleras-tu d'aller au cours de hockey tous les dimanches après midi,fr,,,,,
15450,tweet verbruikersdiens dat die hoeveelheid verkeerd is,af,,,,,
4044,tolong jalankan penghisap debu,id,,,,,
11531,speel asseblief speel aan episode in quantico,af,,,,,
13258,kilometerstand van b. m. w. auto's,nl,,,,,
14910,seberapa besar tas serut yang bisa dilipat dan bagaimana bentuknya,id,,,,,
3006,bu şarkıyı yapan sanatçının adı ne,tr,,,,,
9410,begin radio speel,af,,,,,
2031,watter lied is daai,af,,,,,
10517,daftar apa saja yang sudah kusimpan,id,,,,,
968,ipakita sa akin ang mga kamakailang balita sa partikular na paksa,tl,,,,,
2951,spela musik som relaterar till musiken jag lyssnade på i morse,sv,,,,,
11050,sê my my lys,af,,,,,
11206,verwyder die lys piet se afsprake,af,,,,,
15240,alexa dimmi qual è l'ultimo video che sta andando virale su twitter per l'argomento narendra modi,it,,,,,
3095,ano ang klima sa minneapoliscity,tl,,,,,
11461,spiel diesen podcast bitte,de,,,,,
15450,tuitea a atención al cliente que la cantidad está mal,es,,,,,
12945,who is barack obama,en,,,,,
16597,mostrami l' ultima email di giacomo,it,,,,,
9558,puoi mettere su della musica,it,,,,,
8495,cosa c'è nella mia agenda domani mattina,it,,,,,
3006,wat is die naam van die kunstenaar wat hierdie liedjie geskep het,af,,,,,
8611,qual è il programma della riunione,it,,,,,
13258,bmv arabaların kilometresi,tr,,,,,
7572,recuérdame cuando alcance,es,,,,,
11531,bitte spiel die nächste episode in quantico,de,,,,,
2273,har restaurangen hemleverans,sv,,,,,
2951,play music relating to the music i listened to this morning,en,,,,,
2435,staubsaugerroboter einschalten,de,,,,,
6463,ik wil onderwerpen over roddels over beroemdheden,nl,,,,,
5693,gumuhit ng mga petabit,tl,,,,,
9682,olly reproduz harry potter do lugar onde eu parei de ouvir da última vez,pt,,,,,
4625,wat het zuma nou gedoen,af,,,,,
4787,wat is my mees gespeelde liedjie,af,,,,,
4726,sei stumm,de,,,,,
2339,wat is die huidige weer in johannesburg metro,af,,,,,
12945,wie is barack obama,nl,,,,,
2273,apakah restoran memiliki pesan antar ke rumah,id,,,,,
1697,la canción que suena ahora es lanzada por qué artista,es,,,,,
13626,hoeveel sleutels is op 'n klavier,af,,,,,
4726,wees stom,af,,,,,
16000,alejandro me ha dicho que él enviará un correo sobre el precia de la máquina por favor chequea que ha llegado,es,,,,,
968,visa mig nyheter om ett specifikt ämne,sv,,,,,
15702,it would be nice if you post status for me,en,,,,,
5971,hur är klimatet idag,sv,,,,,
640,benim favori listemden bir parça çal lütfen,tr,,,,,
15754,qual è l' indirizzo email di silvia,it,,,,,
7960,skrap alles op die spyskaart,af,,,,,
8961,är år tvåtusenarton ett skottår,sv,,,,,
2273,o restaurante tem entrega ao domicílio,pt,,,,,
14462,trova informazioni sul presidente sergio mattarella,it,,,,,
15894,voeg john at gmail dot com by kontakte,af,,,,,
14910,gaano kalaki ang stashable cinch bag at ano ang hitsura nito,tl,,,,,
2595,hay alguna nueva noticia de medio ambiente,es,,,,,
10693,maak skoon hierdie lys,af,,,,,
13258,meilenstein von b. m. w. autos,de,,,,,
15005,berapa banyak catatan yang dibuat pangeran,id,,,,,
2248,çarşamba için hava hiç değişti mi,tr,,,,,
15450,tweeter le service consommateur que la quantité est fausse,fr,,,,,
13258,mileage of b. m. w. cars,en,,,,,
13258,jarak tempuh mobil b. m. w.,id,,,,,
1221,speel alsjeblieft nobody's wife van anouk,nl,,,,,
11050,sage mir meine list,de,,,,,
15612,twitta il mio reclamo e menziona questo servizio clienti,it,,,,,
1221,por favor pon con altura de rosalia,es,,,,,
9558,bisakah kamu memainkan musik,id,,,,,
2339,wat is het huidig weer in de stad utrecht,nl,,,,,
12351,boek een trein kaartje met slaapplaats naar rotterdam voor volgende week,nl,,,,,
382,por favor toca a música corridinho à portuguesa de punksinatra,pt,,,,,
13184,plan een vakantiereis voor mij,nl,,,,,
2031,what song is that,en,,,,,
11043,veuillez supprimer la liste d' épicerie de mon ensemble de listes,fr,,,,,
15671,tweet vir amazon oor die laat aflewering van my t. v.,af,,,,,
12351,réservez un billet de train avec un siège couchette pour paris pour la semaine prochaine,fr,,,,,
14588,wie was john travolta,nl,,,,,
2031,anong kanta iyan,tl,,,,,
8171,sal jy my herinner op na hokkie klas te gaan elke sondag middag,af,,,,,
2339,hur är det nuvarande vädret i stockholm stad,sv,,,,,
9410,begin de radio te spelen,nl,,,,,
14588,quien era john dillinger,es,,,,,
16649,would you go check my emails for me,en,,,,,
6981,zeige erinnerungen,de,,,,,
15612,twittere meine beschwerde an den kundenservice,de,,,,,
9682,play me harry potter from the place i last stopped listening on olly,en,,,,,
1850,hoelaat is het,nl,,,,,
2248,is het weer voor woensdag helemaal veranderd,nl,,,,,
5841,tahimik,tl,,,,,
1711,bewaar oerend hard liedje in mijn afspeellijst,nl,,,,,
9410,beginn das radio zu spielen,de,,,,,
12644,está despejado el tráfico hasta el trabajo,es,,,,,
16058,beantwoord pieter en sê dat ek die partytjie sal bywoon,af,,,,,
9558,kan du starta musik tack,sv,,,,,
8747,ricordami di consegnare il compito di matematica stasera entro le undici,it,,,,,
8049,cuma günü buluşma gecesi için bakıcıyı aradığından emin ol,tr,,,,,
986,kasalukuyang balita sa mundo,tl,,,,,
15240,lütfen alexa bana narendra modi konusu için twitter da viral olan en son videoyu söyle,tr,,,,,
10693,leere diese liste,de,,,,,
16000,alex bana makinanın fiyatı ile ilgili email göndereceğini söyledi lütfen gelip gelmediğini kontrol et,tr,,,,,
11993,welke winkels zijn er bij mij in de buurt,nl,,,,,
3215,what are the latest updates with regard to trump's ties to russia,en,,,,,
8961,ist das jahr zweitausendachtzehn ein schaltjahr,de,,,,,
12945,quien es barack obama,es,,,,,
1697,the song playing now is released by which artist,en,,,,,
12644,is er geen verkeer naar het werk,nl,,,,,
6463,gusto ko ng mga paksa sa tsismis sa artista,tl,,,,,
11779,qual è il miglior negozio in città per comprare l'occorrente per una festa,it,,,,,
15450,twitta al servizio clienti che la quantità è sbagliata,it,,,,,
16649,checke meine emails,de,,,,,
6463,ich möchte themen über promiklatsch,de,,,,,
9596,rood f.m klets autotune,nl,,,,,
2584,vertel me wie dit liedje heeft geschreven,nl,,,,,
5483,wat is de datum aanstaande zaterdag,nl,,,,,
15671,twitta ad amazon del ritardo nella spedizione della mia tv,it,,,,,
986,noticias actuales del mundo,es,,,,,
11043,lütfen alışveriş listesini liste gruplarımdan çıkar,tr,,,,,
12761,c'è coda,it,,,,,
632,benachrichtige mich wenn es etwas neues zur dakota pipeline gibt,de,,,,,
11461,joue ce podcast s'il vous plaît,fr,,,,,
15450,tweet ao atendimento ao consumidor que a quantidade está errada,pt,,,,,
9583,programma y. op radio b. b. c.,nl,,,,,
2032,tell me the name of that song,en,,,,,
8747,denk daran dass ich meine matheaufgaben heute abend bis zu um elf abgeben muss,de,,,,,
6239,vandaag heb ik beloningen gekregen,nl,,,,,
12743,vind een trein kaartje voor de volgende reis naar amsterdam,nl,,,,,
4787,apa lagu yang paling sering saya putar,id,,,,,
4044,börja dammsugningen nu tack,sv,,,,,
8747,lembrar que tenho de entregar o trabalho de matemática hoje à noite às onze,pt,,,,,
4787,quelle est la plus jouer de ma chanson,fr,,,,,
11601,est ce qu'il y a des pièces de théâtre que je peux aller voir ce soir dans la ville,fr,,,,,
4919,speel de nieuwste nummers voor mij van the net,nl,,,,,
7652,before this event set notification,en,,,,,
14743,how much is one dollar in euros,en,,,,,
13320,chi sono i migliori chitarristi di tutti i tempi,it,,,,,
5971,cómo está el clima hoy,es,,,,,
986,senaste världs nyheterna,sv,,,,,
968,show me recent news on particular subject,en,,,,,
12945,chi è sergio mattarella,it,,,,,
2595,çevreyle ilgili yeni herhangi bir haber var mı,tr,,,,,
15005,hur många skivor gjorde prince,sv,,,,,
12644,le trafic vers le travail est-il clair,fr,,,,,
12351,reserva un billete de tren con asiento de litera a córdoba para la próxima semana,es,,,,,
5934,what is paris time,en,,,,,
7376,quais as reuniões disponíveis em março,pt,,,,,
2273,el restaurante tiene envío a domicilio,es,,,,,
8747,remember that i need to turn in my math assignment tonight by eleven,en,,,,,
12761,is it bumper to bumper,en,,,,,
14462,hanapin ang mga detalye tungkol sa pangulong rodrigo duterte,tl,,,,,
968,tunjukkan berita terbaru tentang topik tertentu,id,,,,,
14769,alexa sag mir welcher der größte ozean der welt ist,de,,,,,
9596,r. f. m. café da manhã,pt,,,,,
4919,putar lagu lagu terbaru dari vidi aldiano,id,,,,,
16000,joko telah memberi tahu saya bahwa dia akan mengirim email mengenai harga mesin silakan periksa apakah itu sudah datang,id,,,,,
14769,alexa kasih tahu aku apa samudra terbesar di dunia,id,,,,,
7572,paalalahanan mo ako pagdating ko,tl,,,,,
3006,vad heter artisten som skapade den här låten,sv,,,,,
14910,quelle est la taille du sac à cordon et à quoi ressemble-t-il,fr,,,,,
13184,plane eine urlaubsreise für mich,de,,,,,
15601,log a complaint to l. g. a. c. to customer service,en,,,,,
15612,tweet mijn klacht en noem de klantenservice,nl,,,,,
5693,draw petabits,en,,,,,
1697,die liedjie wat speel nou is vrygestel deur watter kunstenaar,af,,,,,
8936,donnez-moi la liste de tous les événements à venir le mois prochain et définissez des notifications pour chacun d'eux,fr,,,,,
8049,make sure to call the babysitter for date night on friday,en,,,,,
10007,olly montre la méthode pour préparer la crème glacée,fr,,,,,
4787,wat is mijn mijn meest gespeelde nummer,nl,,,,,
3215,wat is die nuutste opdatering oor malema se bande met zimbabwe,af,,,,,
2339,qual é o tempo atual na cidade do porto,pt,,,,,
2248,o tempo para quarta-feira mudou em alguma coisa,pt,,,,,
14586,was war martin luther kings geburtstag,de,,,,,
4919,speel die mees onlangse liedjies an tasché,af,,,,,
4044,beginne jetzt bitte das staubsaugen,de,,,,,
14462,cari details mengenai presiden megawati,id,,,,,
11531,por favor reproduce el siguiente episodio de el cine en la ser,es,,,,,
12644,iş yerine trafik açık mı,tr,,,,,
9558,kan je alsjeblieft muziek opzetten,nl,,,,,
12945,vem är barack obama,sv,,,,,
6239,hoje consegui recompensas,pt,,,,,
1711,spela sång vill ha dig i min spellista,sv,,,,,
15754,was ist der email adresse von silvia,de,,,,,
14462,vind details over president barack obama,nl,,,,,
12644,per andare a lavoro non c'è traffico,it,,,,,
14910,how big is the stashable cinch bag and what does it look like,en,,,,,
3896,il fait sombre,fr,,,,,
1711,stoor die mannenberg liedjie in my speellys,af,,,,,
3215,vad är det senaste om trumps band till ryssland,sv,,,,,
15894,tambahkan jaka at gmail dot com ke kontak,id,,,,,
9583,programa radio nacional de españa,es,,,,,
15671,televizyonumun geç teslimi hakkında amazona tweet at,tr,,,,,
1711,salva la canzone intitolata mille nella mia playlist,it,,,,,
16597,exibir o email mais recente do jack,pt,,,,,
10007,olly fammi vedere come si fa il gelato,it,,,,,
12351,mag-book ng tiket sa tren na may upuan sa puwesto papuntang sa lucknow para sa susunod na linggo,tl,,,,,
8171,will you remind me to go to hockey class every sunday afternoon,en,,,,,
15988,has recibido el correo de esta persona,es,,,,,
14769,alexa bana dünyanın en büyük okyanusunu söyle,tr,,,,,
3095,hoe is die weer in kaapstad,af,,,,,
11043,bitte entferne die lebensmittelliste aus meiner listensammlung,de,,,,,
6239,idag fick jag priser,sv,,,,,
10693,bu listeyi temizle,tr,,,,,
11993,que lojas há à minha volta,pt,,,,,
15601,enregistrer une plainte à l. g. a. c. au service client,fr,,,,,
15601,notiere eine beschwerde an den edeka kundenservice,de,,,,,
7960,hapus semua di menu,id,,,,,
8961,artık yıl iki bin on sekiz yılı mıdır,tr,,,,,
12743,encontrar um bilhete de comboio para a próxima viagem a lisboa,pt,,,,,
7376,tagungen im märz,de,,,,,
14586,cuál era el cumpleaños de martin luther kings,es,,,,,
2248,har vädret ändrats något på onsdag,sv,,,,,
16597,tampilkan surat elektronik terbaru dari elang,id,,,,,
7030,takvime yılbaşı arifesi ekle,tr,,,,,
11877,olly benim bölgemde gerçekleşen etkinlik tavsiye et,tr,,,,,
14743,hoeveel is een dollar in euro's,nl,,,,,
15894,add john at gmail dot com to contacts,en,,,,,
4726,maging mute,tl,,,,,
12406,zeige mir den zug fahrplan von berlin nach köln von morgen,de,,,,,
11993,vilka affärer finns runt mig,sv,,,,,
16649,benim için epostalarıma bakar mısın,tr,,,,,
6981,mostra lembretes,pt,,,,,
10544,mulai daftar baru untuk nomor lotere,id,,,,,
3896,het is donker,nl,,,,,
7652,definir notificação antes deste evento,pt,,,,,
8611,toplantı programı nedir,tr,,,,,
4787,benim en çok çalınan şarkım,tr,,,,,
15240,s'il-teplaît alexa dit-moi la dernière vidéo devenue virale sur twitter pour le sujet narendra modi,fr,,,,,
3215,wat zijn de laatste updates met betrekking tot trump's banden met rusland,nl,,,,,
640,s'il te plait mets-moi une chanson de ma liste de favoris,fr,,,,,
4919,spela senaste låtarna av carola,sv,,,,,
16000,alessio mi ha detto che manderà una email sul prezzo della macchina controlla se è arrivata,it,,,,,
2951,speel muziek gerelateerd aan de muziek waar ik vanochtend naar luisterde,nl,,,,,
2435,robot aspiradora encendido,es,,,,,
7960,verwijder alles op het menu,nl,,,,,
12743,encuentra un billete de tren para el siguiente viaje a barcelona,es,,,,,
9583,programa y. sa love radio,tl,,,,,
2584,bu şarkıyı kimin yazdığını söyle,tr,,,,,
6981,laat herinneringen zien,nl,,,,,
9410,radyo oyununu aç,tr,,,,,
1711,sauvegarde la chanson ne me quitte pas dans ma playlist,fr,,,,,
11050,sabihin ang aking listahan,tl,,,,,
8936,gib mir eine liste mit allen bevorstehenden veranstaltung im nächsten monat und stelle benachrichtigungen für sie alle ein,de,,,,,
16649,kan du gå och checka mina mejl åt mig,sv,,,,,
8049,maak seker om baba oppasser te bel vir uitgaan aand vrydag,af,,,,,
15450,tweeta kundservice att kvantiteten är fel,sv,,,,,
3095,what's the weather in minneapoliscity,en,,,,,
13184,planuhan mo ako ng paglalakbay sa bakasyon,tl,,,,,
12406,montre-moi les horaires de train entre paris et marseille pour demain,fr,,,,,
11461,i play iyang podcast,tl,,,,,
6981,mostra promemoria,it,,,,,
12406,show me the train schedules between madrid and barcelona for tomorrow,en,,,,,
8611,vad är mötes schemat,sv,,,,,
6981,visa påminnelser,sv,,,,,
2248,ha cambiado el clima para el miércoles,es,,,,,
2032,diz me o nome dessa música,pt,,,,,
16058,responde a john diciendo que asistiré a la fiesta,es,,,,,
9682,i-play ang harry potter kung saan ako huminto sa pakikinig olly,tl,,,,,
7572,ulaştığımda bana hatırlat,tr,,,,,
12406,bana yarın için madrid ve barselona arasındaki tren tarifelerini göster,tr,,,,,
13320,tüm zamanların en iyi gitaristleri kimlerdir,tr,,,,,
15005,how many records did prince make,en,,,,,
9410,démarre la radio,fr,,,,,
16058,antwoord jan zeg daarin dat ik naar het feest zal komen,nl,,,,,
14910,hoe groot is de opbergbare cinchtas en hoe ziet hij eruit,nl,,,,,
9682,riproduci harry potter dal punto in cui avevo smesso di ascoltarlo olly,it,,,,,
6239,hari ini saya dapat penghargaan,id,,,,,
6981,hatırlatıcıları göster,tr,,,,,
632,påmind mig om de senaste nyheterna om ängelholm rörledning,sv,,,,,
15988,did you receive this person email,en,,,,,
16649,pode verificar os meus emails para mim,pt,,,,,
7030,agregar nochevieja al calendario,es,,,,,
11993,quali negozi sono vicino a me,it,,,,,
9558,lütfen müzik çalar mısın,tr,,,,,
12644,is verkeer na werk skoon,af,,,,,
8049,kom ihåg att ringa barnvakten för dejtkväll på fredag,sv,,,,,
2595,ci sono notizie delle nuove sull'ambiente,it,,,,,
4044,şimdi süpürmeye başla lütfen,tr,,,,,
11601,is daar 'n opvoering in die stad vanaand waarheen ek kan gaan,af,,,,,
2435,buksan ang robot vacuum cleaner,tl,,,,,
15671,tweeta till amazon om sen leverans av min t. v.,sv,,,,,
2339,quel est la météo actuelle à paris,fr,,,,,
1697,die lied spielen wird nun freigegeben von welcher künstler,de,,,,,
2951,tumugtog ng musikang nauugnay sa musikang pinakinggan ko kaninang umaga,tl,,,,,
13258,reseersättning av b. m. w. bilar,sv,,,,,
6463,ünlülerin dedikoduları hakkında konu istiyorum,tr,,,,,
1657,quante sveglie sono impostate al momento,it,,,,,
14586,wat was nelson mandela se verjaarsdag,af,,,,,
968,wys my onlangse nuus oor spesifieke onderwerp,af,,,,,
1697,ang kanta na tumutugtog ngayon ay inilabas ng sinong artista,tl,,,,,
11877,olly recommend an event happening in my area,en,,,,,
5446,ek wil daai liedjie luister,af,,,,,
4044,inizia a passare l'aspirapolvere per favore,it,,,,,
5483,vad är det för datum nästa lördag,sv,,,,,
12406,visa mig tågtabellen mellan stockholm och malmö imorgon,sv,,,,,
986,l'actualité monde actuelle,fr,,,,,
16649,sal jy my e-posse vir my gaan kontroleer,af,,,,,
7376,pertemuan yang tersedia di bulan maret apa saja,id,,,,,
13184,plan me a holiday trip,en,,,,,
8495,quel est mon programme pour demain matin,fr,,,,,
8495,wat is my skedule vir môre oggend,af,,,,,
1850,anong oras na sa orasan,tl,,,,,
382,tolong putar lagu mungkin nanti dari noah,id,,,,,
2273,het restaurant huisaflewering,af,,,,,
382,vänligen spela låten det gör ont med lena philipsson,sv,,,,,
7652,erstelle eine benachrichtigung vor diesem event,de,,,,,
10544,begin een nieuwe lijst met lotnummers,nl,,,,,
14252,hoe gaat het met de aandelen van philips,nl,,,,,
632,préviens-moi quand il y a des nouvelles sur le dakota pipeline,fr,,,,,
7572,ricordami quando arrivo,it,,,,,
2584,sê vir my wie het hierdie liedjie geskryf,af,,,,,
12351,boka en tågbiljett med sovplats till stockholm nästa vecka,sv,,,,,
16597,show me the latest email of jack,en,,,,,
15754,cuál es la dirección de correo electrónico de silvia,es,,,,,
3006,wat is de naam van de artiest die dit nummer heeft gemaakt,nl,,,,,
16058,svara johan med att jag kommer till festen,sv,,,,,
382,suona la canzone di battiato la cura per favore,it,,,,,
7572,herinner my as ek bereik,af,,,,,
10007,olly show the method to prepare ice cream,en,,,,,
9583,power fm radyo programı,tr,,,,,
8936,ge mig listan över alla händelser som kommer upp under nästa månad och ställ in notifikationer för dem alla,sv,,,,,
14252,como estão as ações da compaq,pt,,,,,
12743,aydın a bir sonraki seyahatim için bana bir tren bileti bul,tr,,,,,
5693,gambar petabits,id,,,,,
13626,combien de touches y a-t-il sur un piano,fr,,,,,
1850,qué hora es en el reloj,es,,,,,
11779,var är bästa platsen att köpa partygrejer i stan,sv,,,,,
11461,play that podcast please,en,,,,,
9596,istanbul f. m.,tr,,,,,
6239,hoy tengo recompensas,es,,,,,
2031,que música é essa,pt,,,,,
9558,can you please put on music,en,,,,,
15754,qual é o endereço de email da silvia,pt,,,,,
2595,is there any new environmental news,en,,,,,
14462,buscar detalhes sobre o presidente barack obama,pt,,,,,
5446,quiero escuchar esa cancion,es,,,,,
12406,laat me het trein schema zien tussen amsterdam en rotterdam voor morgen,nl,,,,,
12945,wer ist angela merkel,de,,,,,
14588,abdullah çatlı kimdi,tr,,,,,
12761,bumper to bumper ba,tl,,,,,
11601,há algum jogo que eu possa ir na cidade esta noite,pt,,,,,
12945,qui est nicolas sarkozy,fr,,,,,
11601,bu gece şehir içinde gidebileceğim bir oyun var mı,tr,,,,,
1657,ada berapa alarm yang disetel saat ini,id,,,,,
16597,muéstrame el último correo de juan,es,,,,,
4726,silenzio,it,,,,,
13626,wie viele tasten hat ein piano,de,,,,,
7376,que sont les réunions disponibles en mars,fr,,,,,
12644,maluwag na ba ang trapiko sa trabaho,tl,,,,,
7572,rappelle-moi quand j'arrive,fr,,,,,
11601,c'è qualche spettacolo che posso vedere stasera in città,it,,,,,
2584,diz-me quem escreveu esta música,pt,,,,,
9596,france trois plus belle la vie,fr,,,,,
15450,tweet consumer service that the quantity is wrong,en,,,,,
15894,idagdag ang john at gmail dot com sa mga kontak,tl,,,,,
3896,det är mörkt,sv,,,,,
16000,andreas har berättat att han kommer att skicka ett mejl angående priset på maskinen kolla om det har kommit,sv,,,,,
8747,kom ihåg att jag måste lämna in min matteuppgift ikväll senast elva,sv,,,,,
986,actueel wereld nieuws,nl,,,,,
5934,hoelaat is het in parijs,nl,,,,,
9596,bokradio tuiswaards outomaties instel,af,,,,,
2031,que canción es esa,es,,,,,
12761,estará o trânsito parado,pt,,,,,
11043,togli la lista della spesa dalle mie liste,it,,,,,
8611,wat is het vergadering schema,nl,,,,,
5841,stil,nl,,,,,
16000,alex m'a dit qu'il enverrait un e-mail concernant le prix de la machine veuillez vérifier si cela est arrivé,fr,,,,,
15005,quantos recordes roberto leal fez,pt,,,,,
11461,riproduci quel podcast grazie,it,,,,,
632,inviami una notifica quando ci sono novità sulla tav,it,,,,,
15671,twittere an amazon bezüglich der späten leiferung meines fernsehers,de,,,,,
12406,enséñame los horarios del tren de madrid y barcelona para mañana,es,,,,,
5934,ano ang oras ng paris,tl,,,,,
10544,magsimula ng baging listahan ng mga numero ng lottery,tl,,,,,
16000,alex hat mir gesagt dass er eine email bezüglich des preises der maschine senden wird bitte überprüfen sie ob dies angekommen ist,de,,,,,
632,laat my weet wanneer daar nuus is oor die covid entstof,af,,,,,
8495,ano ang aking iskedyul bukas ng umaga,tl,,,,,
12743,carikan aku tiket kereta untuk perjalanan berikutnya ke d. k. i. jakarta,id,,,,,
8747,onthoud dat ik mijn wiskundetaak vanavond om elf uur moet inleveren,nl,,,,,
8495,wat heb ik in mijn agenda staan voor morgenochtend,nl,,,,,
8495,apa jadwal saya untuk besok pagi,id,,,,,
14910,qué tan grande es la bolsa de cincha que se puede guardar y cómo se ve,es,,,,,
16058,tumugon kay juan na nagsasabing dadalo ako sa pagtitipon,tl,,,,,
2031,welches lied ist das,de,,,,,
4787,vilken är min mest spelade låt,sv,,,,,
14462,find details about president barrack obama,en,,,,,
5841,senyap,id,,,,,
968,mostrami le ultime notizie su un argomento specifico,it,,,,,
1850,what is the time in clock,en,,,,,
8611,kapan jadwal rapat,id,,,,,
2032,dimmi come si chiama quella canzone,it,,,,,
3006,cuál es el nombre del artista que creó esta canción,es,,,,,
12761,tampon tampona mı,tr,,,,,
7030,oudejaarsavond toevoegen aan kalender,nl,,,,,
14769,alexa sê vir my wat is die grootste oseaan in die wêreld,af,,,,,
2273,may paghahatid ba sa bahay ang restawran,tl,,,,,
10544,påbörja ny lista med lottonummer,sv,,,,,
15894,voeg john apenstaartje gmail punt com toe aan contacten,nl,,,,,
3095,wie ist das wetter in münchen,de,,,,,
1657,quantos alarmes estão agora definidos,pt,,,,,
11601,finns det någon teaterpjäs som jag kan gå på ikväll i stan,sv,,,,,
4625,que ha hecho trump ahora,es,,,,,
2435,aspirateur robot allumé,fr,,,,,
12743,hanapan mo ako ng tiket sa tren para sa susunod na biyahe papuntang washington d. c.,tl,,,,,
5446,gusto kong pakinggan ang iyong kanta,tl,,,,,
16000,sinabi sa akin ni alex na magpapadala siya ng isang email patungkol sa presyo ng makina mangyaring suriin kung dumating na,tl,,,,,
11601,is there some play can i go tonight in the city,en,,,,,
9682,speel vir my harry potter van die plek ek laas gestop het janneman,af,,,,,
5971,comment est le climat aujourd'hui,fr,,,,,
11779,waar is die beste plek vir partytjie voorraad in die dorp,af,,,,,
986,current world news,en,,,,,
4625,ano ang ginawa ni duterte ngayon,tl,,,,,
632,laat het me weten als er nieuws is over de nederlandse pijpleiding,nl,,,,,
11993,welche geschäfte gibt es in meiner nähe,de,,,,,
15702,mas maganda kung mag post ka ng status para sa akin,tl,,,,,
15702,seria bom se pudesses postar o meu status por mim,pt,,,,,
12644,o trânsito para o trabalho está desimpedido,pt,,,,,
7376,ano ang libreng mga pagpupulong sa marso,tl,,,,,
2248,le temps a-t-il changé pour mercredi,fr,,,,,
10693,clear this list,en,,,,,
8495,vad är mitt schema för imorgon bitti,sv,,,,,
6239,bugün ödüller kazandım,tr,,,,,
3896,ito ay madilim,tl,,,,,
13626,how many keys are on a piano,en,,,,,
11993,quels magasins sont autour de moi,fr,,,,,
382,paki play ang kanta na kanlungan ni noel cabangon,tl,,,,,
986,notizie del mondo adesso,it,,,,,
8495,what is my schedule for tomorrow morning,en,,,,,
3896,dit is donker,af,,,,,
7030,voeg nuwejaarsaand op my kalender by,af,,,,,
7572,remind me when i reach,en,,,,,
16058,balas pesan kethut dan katakan aku akan menghadiri pestanya,id,,,,,
1657,cuántas alarmas tengo puestas actualmente,es,,,,,
14588,wer war john dillinger,de,,,,,
11779,where is the best place to buy party supplies in town,en,,,,,
4787,what is my most played song,en,,,,,
15894,ajoute jean arobas gmail point com aux contacts,fr,,,,,
2435,nyalakan robot penyedot debu,id,,,,,
14769,alexa tell me the largest ocean in the world,en,,,,,
2273,est-ce que le restaurant propose la livraison à domicile,fr,,,,,
7376,beskikbare vergaderings in maart is wat,af,,,,,
8495,qual a minha agenda para amanhã de manhã,pt,,,,,
986,aktuelle welt nachrichten,de,,,,,
5693,desenhar petabits,pt,,,,,
15240,bitte siri sag mir welches video zuletzt auf twitter viral war zum thema anna lena baerbock,de,,,,,
4726,fica em silêncio,pt,,,,,
1850,saat kaçı gösteriyor,tr,,,,,
8049,assurez-vous d' appeler la baby-sitter pour un rendez-vous le vendredi,fr,,,,,
11206,alinin randevularını liste den sil,tr,,,,,
14252,bagaimana saham compaq,id,,,,,
2339,com'è il tempo attuale nella città di roma,it,,,,,
13626,gaano karaming mga susi ang nasa isang pyano,tl,,,,,
7376,quali sono le riunioni disponibili di marzo,it,,,,,
2435,robot stofzuiger aan,nl,,,,,
11206,elimina dalla lista gli appuntamenti con brad,it,,,,,
9558,põe música a dar por favor,pt,,,,,
16058,répondre à john en disant que j'assisterai à la fête,fr,,,,,
8747,tandaan na kailangan kong ipasa ang aking takdang aralin sa math ngayong gabi ng alas-onse,tl,,,,,
14743,cuanto es un dólar en euros,es,,,,,
14769,alexa dis-moi le plus grand océan du monde,fr,,,,,
2584,beritahu siapa yang menulis lagu ini,id,,,,,
14588,chi era totò riina,it,,,,,
632,avísame cuando haya noticias sobre el independentismo en cataluña,es,,,,,
640,por favor ponme una canción de mi lista de favoritos,es,,,,,
12544,táxi agora,pt,,,,,
8171,wil je me eraan herinneren om op elke zondag middag naar de hockeytraining te gaan,nl,,,,,
10517,che liste ho salvate,it,,,,,
15988,heb je email van deze persoon ontvangen,nl,,,,,
3896,di sini gelap,id,,,,,
15612,tvittra mitt klagomål och nämn kundservice,sv,,,,,
1657,combien d'alarmes sont actuellement définies,fr,,,,,
7572,lembrar me quando eu chegar,pt,,,,,
10544,begin new list of lottery numbers,en,,,,,
986,notícias actuais do mundo,pt,,,,,
5934,jam beapa sekarang di jakarta barat,id,,,,,
8049,bel de oppas voor vrijdag date night,nl,,,,,
2031,lagu apa itu,id,,,,,
13320,quem são os melhores guitarristas de todo o sempre,pt,,,,,
11877,olly recomenda-me um evento que esteja para acontecer na minha zona,pt,,,,,
12761,het is bumper aan bumper,nl,,,,,
11531,s'il te plaît avance l'épisode de plus belle la vie,fr,,,,,
8747,recuerda que tengo que entregar mi tarea de matemáticas esta noche a las once,es,,,,,
1657,hoeveel alarms is tans gestel,af,,,,,
640,spela en låt från min favoritlista,sv,,,,,
7652,stel kennisgewing voor hierdie afspraak,af,,,,,
8171,bana her pazar öğleden sonra hokey dersine gitmemi hatırlatır mısın,tr,,,,,
2435,robot süpürgeyi çalıştır,tr,,,,,
2339,was ist das derzeitige wetter in münchen stadt,de,,,,,
1711,guardar la canción de chhana mereya en mi lista de reproducción,es,,,,,
15988,bu kişinin epostasını aldın mı,tr,,,,,
11206,delete the list brads appointments,en,,,,,
8747,n'oubliez pas que je dois rendre mon devoir de maths ce soir à onze heures,fr,,,,,
2031,o hangi şarkı,tr,,,,,
11043,vänligen ta bort inköps listan från mina listor,sv,,,,,
12945,quem é o barack obama,pt,,,,,
3095,quelle est la météo à monaco,fr,,,,,
10693,borra esta lista,es,,,,,
5841,silencio,es,,,,,
13258,kilometers van b. m. w. motors,af,,,,,
15988,apakah anda menerima surel orang ini,id,,,,,
5446,jag vill höra den där låten,sv,,,,,
11206,verwijder de lijst met bram's afspraken,nl,,,,,
11877,olly recommande un événement qui se passe dans ma région,fr,,,,,
5446,saya ingin mendengar lagu itu,id,,,,,
1850,che ora in punto è,it,,,,,
8961,est ce que l'an deux mille dix-huit est une année bissextile,fr,,,,,
15240,alexa diz-me qual é o último vídeo viral no twitter com o antónio costa,pt,,,,,
15612,tweete ma réclamation et mentionne ce service client,fr,,,,,
15702,benim için durum yazarsan iyi olur,tr,,,,,
11779,di mana tempat terbaik di kota untuk membeli perlengkapan pesta,id,,,,,
11461,pon ese podcast por favor,es,,,,,
15702,aku bakal senang kalau kamu bantu aku ngepost status,id,,,,,
9558,peux-tu s'il te plaît mettre de la musique,fr,,,,,
3095,che tempo fa a firenze,it,,,,,
4044,begin nou stofsuig asseblief,af,,,,,
6239,ngayon nakakuha ako ng premyo,tl,,,,,
1850,quelle heure est il sur l'horloge,fr,,,,,
1657,hur många alarm är satta just nu,sv,,,,,
16597,zeig mir die letzte email von jan,de,,,,,
5483,what is the date next saturday,en,,,,,
13184,rencanakan trip liburan untuk saya,id,,,,,
11877,olly empfiehl mir eine veranstaltung in meiner nähe,de,,,,,
13626,hur många tangenter har ett piano,sv,,,,,
4044,começa a aspirar agora por favor,pt,,,,,
4919,toque as últimas músicas para mim do net,pt,,,,,
11601,is er een toneelstuk in de stad waar ik vanavond naartoe kan gaan,nl,,,,,
15005,combien de disques prince a-t-il fait,fr,,,,,
4625,trump şimdi ne yaptı,tr,,,,,
2951,pon música relacionada con la música que escuché esta mañana,es,,,,,
7572,påminn mig när jag når,sv,,,,,
14586,quand'è l'anniversario della nascita di martin luther king,it,,,,,
5693,dessine des pétabits,fr,,,,,
12406,mostra-me os horários dos comboios de amanhã entre madrid e barcelona,pt,,,,,
15894,aggiungi mario chiocciola gmail punto com ai contatti,it,,,,,
632,beritahu saya saat ada berita tentang pipa minyak pertamina,id,,,,,
16649,akankah kamu memeriksa email saya untuk saya,id,,,,,
15754,güldenin eposta adresi nedir,tr,,,,,
15612,i-tweet ang aking reklamo at banggitin itong costumer service,tl,,,,,
12544,taxi maintenant,fr,,,,,
15240,alexa vertel me alsjeblieft dat de nieuwste video viraal gaat op twitter voor het onderwerp narendra modi,nl,,,,,
10693,maak deze lijst leeg,nl,,,,,
632,avisa me quando houver alguma nova notícia sobre o brexit,pt,,,,,
2031,vilken låt är det där,sv,,,,,
1711,simpan lagu tentang dirimu di daftar putar saya,id,,,,,
8495,cuál es mi horario para mañana por la mañana,es,,,,,
15240,por favor alexa dime cual fue el último video que se hizo viral en twitter sobre pedro sánchez,es,,,,,
7572,herinner me wanneer ik aankom,nl,,,,,
14462,vind besonderhede oor president cyril ramaphosa,af,,,,,
8747,ingatkan saya harus menyerahkan tugas matematika saya malam ini jam sebelas,id,,,,,
3215,hay alguna actualización con respecto a los lazos de pedro sánchez con rusia,es,,,,,
10544,commencer une nouvelle liste de numéros de loterie,fr,,,,,
5934,qual é a hora em paris,pt,,,,,
1850,wie spät ist es,de,,,,,
382,please play the song games by disturbed,en,,,,,
2032,berätta namnet på den där låten för mig,sv,,,,,
15005,wie viele aufnahmen hat prince gemacht,de,,,,,
6239,aujourd'hui j'ai eu des récompenses,fr,,,,,
11050,vertel me mijn lijst,nl,,,,,
10875,lütfen bu listeyi sil,tr,,,,,
968,enseña noticias recientes sobre un tema específico,es,,,,,
3215,trump'ın rusya ile olan bağlantıları yla ilgili son gelişmeler neler,tr,,,,,
15754,wat is het email adres van silvia,nl,,,,,
15702,ce serait bien si vous postiez le statut pour moi,fr,,,,,
9583,rádio comercial,pt,,,,,
5971,com'è il clima oggi,it,,,,,
15601,poner una queja al servicio de atención al cliente de mango,es,,,,,
9558,pwede mo bang ilagay sa musika,tl,,,,,
11877,olly magrekomenda ng isang kaganapan na nangyayari sa aking lugar,tl,,,,,
9410,enciende la radio,es,,,,,
1221,spiel wind of change von scorpions,de,,,,,
12945,recep tayyip erdoğan kimdir,tr,,,,,
11531,please play forward episode in quantico,en,,,,,
8171,lembra-me de ir à aula de hóquei todos os domingos à tarde,pt,,,,,
9410,begin radio play,en,,,,,
9583,program y. at radio b. b. c.,en,,,,,
10544,iniciar nova lista dos números da lotaria,pt,,,,,
8961,es el año dos mil dieciocho un año bisiesto,es,,,,,
14462,recep tayyip erdoğan hakkında bilgiler bul,tr,,,,,
1221,tolong putar pelan pelan saja dari kotak,id,,,,,
14769,alexa sabihin mo sa akin ang pinakamalaking karagatan sa mundo,tl,,,,,
5841,quiet,en,,,,,
11206,alisin ang listahan ng mga appointment ni brad,tl,,,,,
12544,huurmotor nou,af,,,,,
5971,how is the climate today,en,,,,,
2248,has the weather changed for wednesday at all,en,,,,,
16597,visa mig det senaste mejlet från jakob,sv,,,,,
5971,wie ist heute das klima,de,,,,,
10875,snälla ta bort denna lista,sv,,,,,
10517,welke lijsten heb ik opgeslagen,nl,,,,,
7652,avant cet événement définir la notification,fr,,,,,
12544,taksi sekarang,id,,,,,
15754,apa alamat email silvia,id,,,,,
4044,pakisimulan mo nang mag-vacuum,tl,,,,,
15612,enviar tweet com a minha reclamação e identificar o apoio ao cliente,pt,,,,,
3095,hur är vädret i stockholm stad,sv,,,,,
2031,che canzone è quella,it,,,,,
986,huidige wêreldnuus,af,,,,,
15450,tweet de klantenservice dat de kwantiteit verkeerd is,nl,,,,,
11206,hapus daftar janji dengan teman baik,id,,,,,
3215,was sind die neusten informationen zu trumps verbindungen nach russland,de,,,,,
15988,natanggap mo ba ang email ng taong ito,tl,,,,,
13184,planeia-me uma viagem de férias,pt,,,,,
2584,sabihin mo sa akin kung sino ang sumulat ng kantang ito,tl,,,,,
6463,je veux des sujets sur les celebrity gossip,fr,,,,,
5934,che ore sono a parigi,it,,,,,
10517,hangi listeleri kaydettim,tr,,,,,
12351,book a train ticket with a berth seat to lucknow for next week,en,,,,,
1221,speel asseblief kaapse blou van christia visser,af,,,,,
7572,erinnere mich wenn ich erreiche,de,,,,,
16000,alex zei dat hij een email over de prijs van de machine zou sturen controleer alsjeblieft of die gekomen is,nl,,,,,
15894,can at gmail nokta com u kişilere ekle,tr,,,,,
1711,save chhana mereya song in my playlist,en,,,,,
15612,şikayetimi tweet at ve müşteri hizmetlerinden söz et,tr,,,,,
4726,quédate silencioso,es,,,,,
14910,hur stor är den förvaringsbara jympaväskan och hur ser den ut,sv,,,,,
11043,please remove the grocery list from my set of lists,en,,,,,
10007,olly ipakita sakin ang paraan ng paghahanda ng sorbetes,tl,,,,,
15671,tweet para amazon sobre entrega atrasada da minha t. v.,pt,,,,,
9410,börja spela radio,sv,,,,,
15601,een klacht indienen bij shell klantenservice,nl,,,,,
2032,bana o şarkının adını söyle,tr,,,,,
3215,quelles sont les dernières mises à jour concernant les trump's ties avec la russie,fr,,,,,
5934,wat is parys tyd,af,,,,,
1711,guardar a música eu tenho dois amores na minha playlist,pt,,,,,
5483,qual é a data do próximo sábado,pt,,,,,
11206,ta bort listan berts möten,sv,,,,,
5971,kumusta ang klima ngayon,tl,,,,,
7960,supprimer tout sur le menu,fr,,,,,
11531,alsjeblieft speelt aflevering voorwaarts in quantico,nl,,,,,
4919,play latest songs for me from the net,en,,,,,
8961,is het jaar tweeduizend achttien een schrikkeljaar,nl,,,,,
14910,katlanabilir büzgülü sırt çantaları ne kadar büyük olur ve neye benzerler,tr,,,,,
2339,what is the current weather in new york city,en,,,,,
2273,heeft restaurant thuis bezorging,nl,,,,,
4044,begin nu met stofzuigen alsjeblieft,nl,,,,,
5446,voglio ascoltare quella canzone,it,,,,,
13320,who are the greatest guitarists of all time,en,,,,,
5934,wie ist die zeit in münchen,de,,,,,
12644,is traffic to work clear,en,,,,,
2595,existe alguma nova notícia ambiental,pt,,,,,
15240,alexa berätta om den senaste virala videon på twitter ämne magdalena andersson,sv,,,,,
14743,hoeveel is een dollar in euros,af,,,,,
7030,aggiungi vigilia di capodanno al calendario,it,,,,,
2435,robot stofsuier aan,af,,,,,
968,montre moi des nouvelles récentes sur un sujet particulier,fr,,,,,
13258,chilometraggio delle auto b. m. w.,it,,,,,
5934,que horas es en madrid,es,,,,,
5841,silencieux,fr,,,,,
2032,gee vir my die naam van daardie liedjie,af,,,,,
10693,hapus daftar ini,id,,,,,
16597,montre moi le recent email de jack,fr,,,,,
15671,mag-tweet sa amazon tungkol sa late delivery ng aking t. v,tl,,,,,
15671,tweet naar amazon over late levering van mijn t. v.,nl,,,,,
12544,taxi now,en,,,,,
382,lütfen duman dan seni kendime sakladım şarkı sını çal,tr,,,,,
2951,speel musiek in verband met die musiek wat ek vanoggend na geluister het,af,,,,,
9410,simulan ang patugtog sa radyo,tl,,,,,
2248,le previsioni per mercoledì sono cambiate,it,,,,,
15240,please alexa tell me the latest video going viral on twitter for topic narendra modi,en,,,,,
8936,ibigay sa akin ang listahan ng lahat ng kaganapang paparating sa susunod na buwan at magtakda ng mga abiso para sa lahat ng ito,tl,,,,,
11043,verwijder de boodschappen lijst van mijn set van lijsten,nl,,,,,
968,laat me recent nieuws over een bepaald onderwerp zien,nl,,,,,
2951,putar musik yang serupa dengan musik yang saya dengarkan pagi ini,id,,,,,
15601,buat keluhan ke layanan konsumen a. c. l. g.,id,,,,,
7376,welke dagen in maart zijn vrij voor vergaderingen,nl,,,,,
15671,tweet to amazon about late delivery of my t. v.,en,,,,,
7572,ingatkan saya ketika saya mencapai,id,,,,,
11601,apa ada pertunjukan di kota yang bisa saya datangi malam ini,id,,,,,
8171,kan du påminna mig att gå på hockeyklass varje söndags eftermiddag,sv,,,,,
14252,kumusta ang stock ng compaq,tl,,,,,
2273,il ristorante fa consegne a domicilio,it,,,,,
14769,alexa säg mig världens största hav,sv,,,,,
7030,adiciona passagem de ano ao calendário,pt,,,,,
16000,alex has told me that he will send an email regarding the price of the machine please check if that has come,en,,,,,
2032,dime el nombre de la canción,es,,,,,
11779,dónde está el mejor lugar para comprar suministros para la fiesta en la ciudad,es,,,,,
5841,silenzio,it,,,,,
9410,mulai pemutaran radio,id,,,,,
4726,sessiz ol,tr,,,,,
15450,miktarın yanlış olduğunu tüketici hizmetlerine tweetle,tr,,,,,
11779,wat is de beste plaats in de stad om feestbenodigdheden te kopen,nl,,,,,
14588,qui était édouard philippe,fr,,,,,
16058,rispondi a giovanni e digli che ci sarò alla festa,it,,,,,
8611,ano ang iskedyul ng pagpupulong,tl,,,,,
4726,jangan bersuara,id,,,,,
10007,olly nasıl dondurma yapılacağını göster,tr,,,,,
14586,wat was de verjaardag van martin luther king,nl,,,,,
9596,red f. m. chit chat auto tune,en,,,,,
11993,qué tiendas hay alrededor,es,,,,,
13320,qui sont les plus grands guitaristes de tous les temps,fr,,,,,
15240,tolong alexa kasih tahu aku video terbaru yang viral di twitter belakangan ini untuk topik narendra modi,id,,,,,
11206,supprimer la liste des rendez-vous parisiens,fr,,,,,
15671,tweet à amazon à propos de la livraison tardive de mon t. v.,fr,,,,,
2951,met la musique en relation avec la musique que j'écoutais le matin,fr,,,,,
11779,şehirde parti malzemeleri alınabilecek en iyi yer neresi,tr,,,,,
12743,finde mir ein zug ticket für den nächsten trip nach berlin,de,,,,,
4625,qu'est-ce que trump a fait maintenant,fr,,,,,
382,por favor pon los juegos de la canción por perturbado,es,,,,,
14743,wie viel ist ein dollar in euros,de,,,,,
2951,spiel musik die zur musik die ich heute morgen gehört habe passt,de,,,,,
9558,puedes poner música por favor,es,,,,,
11043,haal asseblief die kruideniersware lys van my stel van lyste af,af,,,,,
15601,yapıkredi yayınevi müşteri servisine şikayet kaydı oluştur,tr,,,,,
4625,wat heeft trump nu weer gedaan,nl,,,,,
9583,program y. op radio jakaranda,af,,,,,
11050,dis-moi ma liste,fr,,,,,
14462,encontrar detalles sobre el presidente barrack obama,es,,,,,
1697,şu anda çalan şarkı hangi sanatçı tarafından çıkarıldı,tr,,,,,
10875,verwijder deze lijst a. u. b.,nl,,,,,
2032,beritahu apa judul lagu itu,id,,,,,
11206,lösche die liste brads termine,de,,,,,
7030,add new year's eve to calendar,en,,,,,
5934,quelle est l'heure de paris,fr,,,,,
16649,kan jij mijn emails voor mij controleren,nl,,,,,
10693,alisin ang listahan na ito,tl,,,,,
10693,limpar esta lista,pt,,,,,
11050,bana listemi söyle,tr,,,,,
10007,olly mostra-me como se prepara gelado,pt,,,,,
13320,siapakah gitaris terhebat sepanjang masa,id,,,,,
10517,ano ang mga listahan na nakatago,tl,,,,,
2595,gibt es irgendwelche nachrichten zur umwelt,de,,,,,
1657,hoeveel alarms zijn nu actief,nl,,,,,
10875,skrap hierdie lys asseblief,af,,,,,
14252,wie läuft der kurs von compaq,de,,,,,
14588,sino si asiong salonga,tl,,,,,
12743,prenotami un biglietto del treno per il prossimo viaggio a taranto,it,,,,,
11877,olly rekommendera ett evenemang som händer i mitt område,sv,,,,,
3215,quais são as últimas actualizações no que respeita aos laços do trump com a rússia,pt,,,,,
3095,beşiktaş'ta hava nasıl,tr,,,,,
15754,what's the email address of silvia,en,,,,,
1711,playlistimdeki tamam aşkım şarkısını kaydet,tr,,,,,
1221,jouer s'il vous plaît ne me quitte pas de jacques brel,fr,,,,,
4625,what has trump done now,en,,,,,
11779,onde fica o melhor estabelecimento para comprar acessórios para festas na cidade,pt,,,,,
15005,hoeveel rekords het kurt gemaak,af,,,,,
10007,olly zeig die methode zur zubereitung von eiscreme,de,,,,,
15240,alexa mangyaring sabihin sa akin ang pinakabagong video na nag-viral sa twitter para sa paksang narendra modi,tl,,,,,
5934,istanbul için vakit ne,tr,,,,,
12544,taxi nu,nl,,,,,
5483,önümüzdeki cumartesi ayın kaçı,tr,,,,,
6463,saya ingin topik gosip artis,id,,,,,
1221,spela eld och lågor med victor leksell tack,sv,,,,,
12351,önümüzdeki hafta karsa gitmek için yataklı vagonu olan bir tren bileti ayırt,tr,,,,,
11779,saan ang pinakamagandang lugar para makabili ng mga party supplies sa bayan,tl,,,,,
12351,bespreek 'n trein kaartjie met 'n slaapbank na upington vir volgende week,af,,,,,
8961,o ano dois mil e dezoito é bissexto,pt,,,,,
8961,is the year two thousand and eighteen a leap year,en,,,,,
8936,beri aku daftar semua acara untuk bulan depan dan pasang notifikasi untuk semuanya,id,,,,,
15988,fick du denna person mejl,sv,,,,,
12945,wie is jacob zuma,af,,,,,
3896,è buio,it,,,,,
16649,puoi controllare le mie email,it,,,,,
5971,hoe is die klimaat vandag,af,,,,,
7960,tanggalin lahat ang nasa menu,tl,,,,,
1221,lütfen ben athena 'dan ben böyleyim i çal,tr,,,,,
6463,voglio gossip sulle celebrità,it,,,,,
10875,por favor elimina esta lista,pt,,,,,
3896,está oscuro,es,,,,,
2273,does restaurant has home delivery,en,,,,,
2595,is er meer nieuw milieu nieuws,nl,,,,,
14743,berapa satu dolar dalam ringgit,id,,,,,
7960,borrar todo lo que hay en el menú,es,,,,,
632,notify me when there's news on the dakota pipeline,en,,,,,
11993,toko toko apa yang ada di sekitar saya,id,,,,,
15702,het zou leuk zijn als je de status voor me post,nl,,,,,
9410,riproduci la radio,it,,,,,
382,speel asseblief die song games deur disturbed,af,,,,,
10875,tolong hapus ini dari daftar,id,,,,,
15988,het jy hierdie persoon se e-pos ontvang,af,,,,,
11050,fala-me sobre as minhas listas,pt,,,,,
4787,ano ang aking pinakapinatugtog na kanta,tl,,,,,
4787,was ist mein meistgespieltes lied,de,,,,,
10544,begin nuwe lys van lotery nommers,af,,,,,
9596,lugna favoriter,sv,,,,,
10517,watter lyste het ek gestoor,af,,,,,
2951,sabah dinlediğim müzikle ilgili bir müzik çal,tr,,,,,
14743,quanto vale un dollaro in euro,it,,,,,
11877,olly consigliami un evento dalle mie parti,it,,,,,
2584,berätta vem som skrev den här låten,sv,,,,,
10875,por favor borre esta lista,es,,,,,
6981,affiche les rappels,fr,,,,,
15671,tuitea a amazon sobre el retraso en el pedido de mi tv,es,,,,,
3896,está escuro,pt,,,,,
14769,alexa dime el océano más grande del mundo,es,,,,,
15612,tweet my complaint and mention this costumer service,en,,,,,
11993,anong mga tindahan sa paligid ko,tl,,,,,
9410,iniciar rádio,pt,,,,,
16597,ipakita sa akin ang pinakahuling email ni juan,tl,,,,,
6463,quero rumores sobre celebridades,pt,,,,,
4726,wees stil,nl,,,,,
12761,apa di jalanan macetnya panjang,id,,,,,
640,speel alsjeblieft een liedje van mijn favoriete lijst,nl,,,,,
13626,quantas teclas tem um piano,pt,,,,,
4625,che cosa ha fatto adesso berlusconi,it,,,,,
5841,calado,pt,,,,,
5693,petabits tekenen,nl,,,,,
14252,hur går det för compaq aktien,sv,,,,,
2595,mayroon bang anumang bagong balita sa kapaligiran,tl,,,,,
1697,la chanson en cours de lecture est sortie par quel artiste,fr,,,,,
5971,hava bugün nasıl,tr,,,,,
8611,what is the meeting schedule,en,,,,,
9596,prambors f. m. gina dan desta,id,,,,,
968,zeige mir neue nachrichten zu einem bestimmten thema,de,,,,,
10517,que listas eu tenho salvas,pt,,,,,
10693,rensa denna lista,sv,,,,,
11601,hay algo espectaculos puedo ir esta noche en la ciudad,es,,,,,
14743,quanto é um dólar em euro,pt,,,,,
10007,olly visa metoden att förbereda glass,sv,,,,,
13626,piyanoda kaç tuş vardır,tr,,,,,
15450,twittere an den kundenservice dass die menge falsch ist,de,,,,,
5841,sessiz,tr,,,,,
4625,vad har löfven gjort nu,sv,,,,,
1850,vad är klockan,sv,,,,,
9682,spiel harry potter von dem punkt wo ich zuletzt gestoppt hab siri,de,,,,,
8961,il duemiladiciotto è un anno bisestile,it,,,,,
14586,what was martin luther kings birthday,en,,,,,
4919,riproduci per me le più recenti canzoni da internet,it,,,,,
6239,heute habe ich belohnungen bekommen,de,,,,,
10007,olly perlihatkan cara untuk membuat es krim,id,,,,,
5693,petabit çiz,tr,,,,,
2951,riproduci musica simile alla musica che ascoltavo stamattina,it,,,,,
6239,today i got rewards,en,,,,,
10007,olly laat me een methode zien om softijs te maken,nl,,,,,
14910,quanto è grande lo zaino ripiegabile e come è fatto,it,,,,,
8049,assicurati di chiamare la babysitter per l' appuntamento di venerdì,it,,,,,
14743,combien coûte un dollar en euros,fr,,,,,
11461,reproduz aquele podcast por favor,pt,,,,,
382,speel alsjeblieft het liedje games van disturbed,nl,,,,,
2435,robot vacuum cleaner on,en,,,,,
15754,vad är mejladressen till silvia,sv,,,,,
7030,lägg till nyårsafton i kalender,sv,,,,,
6463,jag vill ha rubrikerna om kändisskvaller,sv,,,,,
16000,alex het vir my gesê dat hy 'n e-pos sal stuur aangaande die prys van die masjien kyk asseblief of dit al gekom het,af,,,,,
14252,que tal van las acciones de compaq,es,,,,,
1850,pukul berapa di jam,id,,,,,
15894,adicione joao arroba gmail ponto com,pt,,,,,
3006,quel est le nom de l'artiste qui a créé cette chanson,fr,,,,,
10544,inizia una nuova lista di numeri della lotteria,it,,,,,
12544,taksi ngayon,tl,,,,,
13258,kilométrage de b. m. w. voitures,fr,,,,,
8936,dá-me a lista de todos os eventos do próximo mês e define notificações para todos eles,pt,,,,,
8495,yarın sabah için programım nedir,tr,,,,,
5446,quero ouvir aquela música,pt,,,,,
15754,wat is die e-pos adres van santie,af,,,,,
7376,las reuniones disponibles en marzo son las que,es,,,,,
11050,dimmi la mia lista,it,,,,,
12406,fammi vedere gli orari del treno da bologna a padova per domani,it,,,,,
11601,welche bands spielen heute nacht in der stadt,de,,,,,
2595,y a-t-il quelque nouveau environnemental nouvelles,fr,,,,,
10517,que listas he guardado,es,,,,,
6463,i want topics on celebrity gossip,en,,,,,
2032,sag mir den namen des liedes,de,,,,,
8171,bisa ingatkan aku untuk pergi ke kelas hoki setiap minggu sore,id,,,,,
15601,registra un reclamo all' assistenza clienti samsung,it,,,,,
1697,lagu yang diputar sekarang dirilis oleh artis mana,id,,,,,
9682,olly lance-moi harry potter à partir de l'endroit où j'ai arrêté de l'écouter,fr,,,,,
15702,sarebbe bello se mi potessi postare uno stato,it,,,,,
14462,suche details über bundeskanzlerin dr. angela merkel,de,,,,,
11531,per favore riproduci l' episodio seguente su quantico,it,,,,,
12544,taxi ora,it,,,,,
8049,siguraduhing tawagan ang babysitter para gabi ng pagtatagpo sa biyernes,tl,,,,,
4919,spiele die neuesten lieder aus dem internet für mich,de,,,,,
8936,gee my die lys van die gebeure wat voorlê volgende maand en skep kennisgewings vir hulle almal,af,,,,,
632,dakota boru hattı hakkında haber olursa beni haberdar et,tr,,,,,
15754,ano ang email address ni silvia,tl,,,,,
2951,tocar música relacionada com a música que eu estava escutando esta manhã,pt,,,,,
3215,quali sono gli ultimi aggiornamenti relativi ai collegamenti della lega con la russia,it,,,,,
2339,qué tiempo hace ahora en valencia capital,es,,,,,
14769,alexa dimmi l'oceano più grande del mondo,it,,,,,
7652,bu etkinlikten önce bildirim ayarla,tr,,,,,
11461,speel daardie potgooi asseblief,af,,,,,
14252,aselsan hissesi nasıl gidiyor,tr,,,,,
4625,was hat trump jetzt getan,de,,,,,
2584,sag mir wer dieses lied geschrieben hat,de,,,,,
16649,maaari mo bang itsek ang aking mga email para sa akin,tl,,,,,
